{"cameraMode":{"drawMode":0,"name":"Shaded","section":"Shading Mode"},"sceneLighting":false,"audioPlay":false,"sceneViewState":{"showFog":true,"showMaterialUpdate":false,"showSkybox":false,"showFlares":true,"showImageEffects":true,"showParticleSystems":true},"in2DMode":false,"pivot":{"x":-0.10762077569961548,"y":-9.685754776000977e-7,"z":-0.02060411125421524},"rotation":{"x":0.3889158070087433,"y":-0.36131682991981509,"z":0.1692209243774414,"w":0.8304158449172974},"size":0.20609748363494874,"orthographic":false}