{"cameraMode":{"drawMode":0,"name":"Shaded","section":"Shading Mode"},"sceneLighting":false,"audioPlay":false,"sceneViewState":{"showFog":true,"showMaterialUpdate":false,"showSkybox":false,"showFlares":true,"showImageEffects":true,"showParticleSystems":true},"in2DMode":false,"pivot":{"x":-0.12966378033161164,"y":0.15533824265003205,"z":0.11361777782440186},"rotation":{"x":0.11080960184335709,"y":0.1593925505876541,"z":-0.018007677048444749,"w":0.9808153510093689},"size":0.5715767741203308,"orthographic":false}