{"cameraMode":{"drawMode":0,"name":"Shaded","section":"Shading Mode"},"sceneLighting":true,"audioPlay":false,"sceneViewState":{"showFog":true,"showMaterialUpdate":false,"showSkybox":true,"showFlares":true,"showImageEffects":true,"showParticleSystems":true},"in2DMode":false,"pivot":{"x":0.02112365886569023,"y":0.4512256979942322,"z":0.3441782593727112},"rotation":{"x":-0.19806411862373353,"y":-0.0335097499191761,"z":0.006775153335183859,"w":-0.9795969128608704},"size":1.6281373500823975,"orthographic":false}